<?xml version="1.0" encoding="utf-8"?>
<annotation>
<folder>images</folder>
<filename>11ba9059-hello.5d6c6931-b745-11ed-ba2d-c8348e2962cf.jpg</filename>
<source>
<database>MyDatabase</database>
<annotation>COCO2017</annotation>
<image>flickr</image>
<flickrid>NULL</flickrid>
<annotator>1</annotator>
</source>
<owner>
<flickrid>NULL</flickrid>
<name>Label Studio</name>
</owner>
<size>
<width>640</width>
<height>480</height>
<depth>3</depth>
</size>
<segmented>0</segmented>
<object>
<name>hello</name>
<pose>Unspecified</pose>
<truncated>0</truncated>
<difficult>0</difficult>
<bndbox>
<xmin>354</xmin>
<ymin>193</ymin>
<xmax>536</xmax>
<ymax>461</ymax>
</bndbox>
</object>
</annotation>
