<?xml version="1.0" encoding="utf-8"?>
<annotation>
<folder>images</folder>
<filename>ff508c39-hello.6aaf59b3-b745-11ed-bcc7-c8348e2962cf.jpg</filename>
<source>
<database>MyDatabase</database>
<annotation>COCO2017</annotation>
<image>flickr</image>
<flickrid>NULL</flickrid>
<annotator>1</annotator>
</source>
<owner>
<flickrid>NULL</flickrid>
<name>Label Studio</name>
</owner>
<size>
<width>640</width>
<height>480</height>
<depth>3</depth>
</size>
<segmented>0</segmented>
<object>
<name>hello</name>
<pose>Unspecified</pose>
<truncated>0</truncated>
<difficult>0</difficult>
<bndbox>
<xmin>59</xmin>
<ymin>164</ymin>
<xmax>227</xmax>
<ymax>387</ymax>
</bndbox>
</object>
</annotation>
