<?xml version="1.0" encoding="utf-8"?>
<annotation>
<folder>images</folder>
<filename>4d4d4d81-hello.1fd87c1f-b746-11ed-88e5-c8348e2962cf.jpg</filename>
<source>
<database>MyDatabase</database>
<annotation>COCO2017</annotation>
<image>flickr</image>
<flickrid>NULL</flickrid>
<annotator>1</annotator>
</source>
<owner>
<flickrid>NULL</flickrid>
<name>Label Studio</name>
</owner>
<size>
<width>640</width>
<height>480</height>
<depth>3</depth>
</size>
<segmented>0</segmented>
<object>
<name>hello</name>
<pose>Unspecified</pose>
<truncated>0</truncated>
<difficult>0</difficult>
<bndbox>
<xmin>85</xmin>
<ymin>154</ymin>
<xmax>287</xmax>
<ymax>411</ymax>
</bndbox>
</object>
</annotation>
