<?xml version="1.0" encoding="utf-8"?>
<annotation>
<folder>images</folder>
<filename>14530b62-hello.210d92f8-b746-11ed-9ef2-c8348e2962cf.jpg</filename>
<source>
<database>MyDatabase</database>
<annotation>COCO2017</annotation>
<image>flickr</image>
<flickrid>NULL</flickrid>
<annotator>1</annotator>
</source>
<owner>
<flickrid>NULL</flickrid>
<name>Label Studio</name>
</owner>
<size>
<width>640</width>
<height>480</height>
<depth>3</depth>
</size>
<segmented>0</segmented>
<object>
<name>hello</name>
<pose>Unspecified</pose>
<truncated>0</truncated>
<difficult>0</difficult>
<bndbox>
<xmin>91</xmin>
<ymin>148</ymin>
<xmax>275</xmax>
<ymax>408</ymax>
</bndbox>
</object>
</annotation>
