<?xml version="1.0" encoding="utf-8"?>
<annotation>
<folder>images</folder>
<filename>d1193971-hello.0c6935a1-b746-11ed-9ed2-c8348e2962cf.jpg</filename>
<source>
<database>MyDatabase</database>
<annotation>COCO2017</annotation>
<image>flickr</image>
<flickrid>NULL</flickrid>
<annotator>1</annotator>
</source>
<owner>
<flickrid>NULL</flickrid>
<name>Label Studio</name>
</owner>
<size>
<width>640</width>
<height>480</height>
<depth>3</depth>
</size>
<segmented>0</segmented>
<object>
<name>hello</name>
<pose>Unspecified</pose>
<truncated>0</truncated>
<difficult>0</difficult>
<bndbox>
<xmin>279</xmin>
<ymin>152</ymin>
<xmax>492</xmax>
<ymax>425</ymax>
</bndbox>
</object>
</annotation>
