<?xml version="1.0" encoding="utf-8"?>
<annotation>
<folder>images</folder>
<filename>fb6978d5-hello.5fd592bc-b745-11ed-b3b1-c8348e2962cf.jpg</filename>
<source>
<database>MyDatabase</database>
<annotation>COCO2017</annotation>
<image>flickr</image>
<flickrid>NULL</flickrid>
<annotator>1</annotator>
</source>
<owner>
<flickrid>NULL</flickrid>
<name>Label Studio</name>
</owner>
<size>
<width>640</width>
<height>480</height>
<depth>3</depth>
</size>
<segmented>0</segmented>
<object>
<name>hello</name>
<pose>Unspecified</pose>
<truncated>0</truncated>
<difficult>0</difficult>
<bndbox>
<xmin>413</xmin>
<ymin>182</ymin>
<xmax>581</xmax>
<ymax>446</ymax>
</bndbox>
</object>
</annotation>
