<?xml version="1.0" encoding="utf-8"?>
<annotation>
<folder>images</folder>
<filename>261c6276-iloveyou.89e0d2ea-b746-11ed-9e9a-c8348e2962cf.jpg</filename>
<source>
<database>MyDatabase</database>
<annotation>COCO2017</annotation>
<image>flickr</image>
<flickrid>NULL</flickrid>
<annotator>1</annotator>
</source>
<owner>
<flickrid>NULL</flickrid>
<name>Label Studio</name>
</owner>
<size>
<width>640</width>
<height>480</height>
<depth>3</depth>
</size>
<segmented>0</segmented>
<object>
<name>iloveyou</name>
<pose>Unspecified</pose>
<truncated>0</truncated>
<difficult>0</difficult>
<bndbox>
<xmin>200</xmin>
<ymin>125</ymin>
<xmax>455</xmax>
<ymax>423</ymax>
</bndbox>
</object>
</annotation>
