<?xml version="1.0" encoding="utf-8"?>
<annotation>
<folder>images</folder>
<filename>604b26ba-iloveyou.8d820ab0-b746-11ed-accb-c8348e2962cf.jpg</filename>
<source>
<database>MyDatabase</database>
<annotation>COCO2017</annotation>
<image>flickr</image>
<flickrid>NULL</flickrid>
<annotator>1</annotator>
</source>
<owner>
<flickrid>NULL</flickrid>
<name>Label Studio</name>
</owner>
<size>
<width>640</width>
<height>480</height>
<depth>3</depth>
</size>
<segmented>0</segmented>
<object>
<name>iloveyou</name>
<pose>Unspecified</pose>
<truncated>0</truncated>
<difficult>0</difficult>
<bndbox>
<xmin>97</xmin>
<ymin>153</ymin>
<xmax>385</xmax>
<ymax>429</ymax>
</bndbox>
</object>
</annotation>
