<?xml version="1.0" encoding="utf-8"?>
<annotation>
<folder>images</folder>
<filename>c9309108-iloveyou.94bfb9c0-b746-11ed-84e7-c8348e2962cf.jpg</filename>
<source>
<database>MyDatabase</database>
<annotation>COCO2017</annotation>
<image>flickr</image>
<flickrid>NULL</flickrid>
<annotator>1</annotator>
</source>
<owner>
<flickrid>NULL</flickrid>
<name>Label Studio</name>
</owner>
<size>
<width>640</width>
<height>480</height>
<depth>3</depth>
</size>
<segmented>0</segmented>
<object>
<name>iloveyou</name>
<pose>Unspecified</pose>
<truncated>0</truncated>
<difficult>0</difficult>
<bndbox>
<xmin>163</xmin>
<ymin>141</ymin>
<xmax>404</xmax>
<ymax>386</ymax>
</bndbox>
</object>
</annotation>
