<?xml version="1.0" encoding="utf-8"?>
<annotation>
<folder>images</folder>
<filename>1eb0bf61-no.66a3daa5-b746-11ed-bdcb-c8348e2962cf.jpg</filename>
<source>
<database>MyDatabase</database>
<annotation>COCO2017</annotation>
<image>flickr</image>
<flickrid>NULL</flickrid>
<annotator>1</annotator>
</source>
<owner>
<flickrid>NULL</flickrid>
<name>Label Studio</name>
</owner>
<size>
<width>640</width>
<height>480</height>
<depth>3</depth>
</size>
<segmented>0</segmented>
<object>
<name>no</name>
<pose>Unspecified</pose>
<truncated>0</truncated>
<difficult>0</difficult>
<bndbox>
<xmin>145</xmin>
<ymin>305</ymin>
<xmax>416</xmax>
<ymax>464</ymax>
</bndbox>
</object>
</annotation>
