<?xml version="1.0" encoding="utf-8"?>
<annotation>
<folder>images</folder>
<filename>594e3e3e-no.67d9c8bb-b746-11ed-8fe0-c8348e2962cf.jpg</filename>
<source>
<database>MyDatabase</database>
<annotation>COCO2017</annotation>
<image>flickr</image>
<flickrid>NULL</flickrid>
<annotator>1</annotator>
</source>
<owner>
<flickrid>NULL</flickrid>
<name>Label Studio</name>
</owner>
<size>
<width>640</width>
<height>480</height>
<depth>3</depth>
</size>
<segmented>0</segmented>
<object>
<name>no</name>
<pose>Unspecified</pose>
<truncated>0</truncated>
<difficult>0</difficult>
<bndbox>
<xmin>150</xmin>
<ymin>276</ymin>
<xmax>417</xmax>
<ymax>439</ymax>
</bndbox>
</object>
</annotation>
