<?xml version="1.0" encoding="utf-8"?>
<annotation>
<folder>images</folder>
<filename>0f03d5c4-no.72b38ccf-b746-11ed-9eb8-c8348e2962cf.jpg</filename>
<source>
<database>MyDatabase</database>
<annotation>COCO2017</annotation>
<image>flickr</image>
<flickrid>NULL</flickrid>
<annotator>1</annotator>
</source>
<owner>
<flickrid>NULL</flickrid>
<name>Label Studio</name>
</owner>
<size>
<width>640</width>
<height>480</height>
<depth>3</depth>
</size>
<segmented>0</segmented>
<object>
<name>no</name>
<pose>Unspecified</pose>
<truncated>0</truncated>
<difficult>0</difficult>
<bndbox>
<xmin>309</xmin>
<ymin>260</ymin>
<xmax>523</xmax>
<ymax>412</ymax>
</bndbox>
</object>
</annotation>
