<?xml version="1.0" encoding="utf-8"?>
<annotation>
<folder>images</folder>
<filename>4283e30d-thankyou.3d1c2763-b746-11ed-bcd5-c8348e2962cf.jpg</filename>
<source>
<database>MyDatabase</database>
<annotation>COCO2017</annotation>
<image>flickr</image>
<flickrid>NULL</flickrid>
<annotator>1</annotator>
</source>
<owner>
<flickrid>NULL</flickrid>
<name>Label Studio</name>
</owner>
<size>
<width>640</width>
<height>480</height>
<depth>3</depth>
</size>
<segmented>0</segmented>
<object>
<name>thankyou</name>
<pose>Unspecified</pose>
<truncated>0</truncated>
<difficult>0</difficult>
<bndbox>
<xmin>158</xmin>
<ymin>271</ymin>
<xmax>436</xmax>
<ymax>383</ymax>
</bndbox>
</object>
</annotation>
