<?xml version="1.0" encoding="utf-8"?>
<annotation>
<folder>images</folder>
<filename>e44f1a23-thankyou.7ed835c5-b745-11ed-96be-c8348e2962cf.jpg</filename>
<source>
<database>MyDatabase</database>
<annotation>COCO2017</annotation>
<image>flickr</image>
<flickrid>NULL</flickrid>
<annotator>1</annotator>
</source>
<owner>
<flickrid>NULL</flickrid>
<name>Label Studio</name>
</owner>
<size>
<width>640</width>
<height>480</height>
<depth>3</depth>
</size>
<segmented>0</segmented>
<object>
<name>thankyou</name>
<pose>Unspecified</pose>
<truncated>0</truncated>
<difficult>0</difficult>
<bndbox>
<xmin>130</xmin>
<ymin>277</ymin>
<xmax>442</xmax>
<ymax>419</ymax>
</bndbox>
</object>
</annotation>
