<?xml version="1.0" encoding="utf-8"?>
<annotation>
<folder>images</folder>
<filename>2cf735cd-thankyou.2fcfc87e-b746-11ed-8880-c8348e2962cf.jpg</filename>
<source>
<database>MyDatabase</database>
<annotation>COCO2017</annotation>
<image>flickr</image>
<flickrid>NULL</flickrid>
<annotator>1</annotator>
</source>
<owner>
<flickrid>NULL</flickrid>
<name>Label Studio</name>
</owner>
<size>
<width>640</width>
<height>480</height>
<depth>3</depth>
</size>
<segmented>0</segmented>
<object>
<name>thankyou</name>
<pose>Unspecified</pose>
<truncated>0</truncated>
<difficult>0</difficult>
<bndbox>
<xmin>118</xmin>
<ymin>249</ymin>
<xmax>513</xmax>
<ymax>463</ymax>
</bndbox>
</object>
</annotation>
