<?xml version="1.0" encoding="utf-8"?>
<annotation>
<folder>images</folder>
<filename>138d13a9-thankyou.2af5b7b8-b746-11ed-9b00-c8348e2962cf.jpg</filename>
<source>
<database>MyDatabase</database>
<annotation>COCO2017</annotation>
<image>flickr</image>
<flickrid>NULL</flickrid>
<annotator>1</annotator>
</source>
<owner>
<flickrid>NULL</flickrid>
<name>Label Studio</name>
</owner>
<size>
<width>640</width>
<height>480</height>
<depth>3</depth>
</size>
<segmented>0</segmented>
<object>
<name>thankyou</name>
<pose>Unspecified</pose>
<truncated>0</truncated>
<difficult>0</difficult>
<bndbox>
<xmin>144</xmin>
<ymin>315</ymin>
<xmax>469</xmax>
<ymax>479</ymax>
</bndbox>
</object>
</annotation>
