<?xml version="1.0" encoding="utf-8"?>
<annotation>
<folder>images</folder>
<filename>1f9a17cc-thankyou.3e513ce3-b746-11ed-9363-c8348e2962cf.jpg</filename>
<source>
<database>MyDatabase</database>
<annotation>COCO2017</annotation>
<image>flickr</image>
<flickrid>NULL</flickrid>
<annotator>1</annotator>
</source>
<owner>
<flickrid>NULL</flickrid>
<name>Label Studio</name>
</owner>
<size>
<width>640</width>
<height>480</height>
<depth>3</depth>
</size>
<segmented>0</segmented>
<object>
<name>thankyou</name>
<pose>Unspecified</pose>
<truncated>0</truncated>
<difficult>0</difficult>
<bndbox>
<xmin>128</xmin>
<ymin>266</ymin>
<xmax>459</xmax>
<ymax>428</ymax>
</bndbox>
</object>
</annotation>
