<?xml version="1.0" encoding="utf-8"?>
<annotation>
<folder>images</folder>
<filename>df98b9d9-yes.56ba385f-b746-11ed-8c08-c8348e2962cf.jpg</filename>
<source>
<database>MyDatabase</database>
<annotation>COCO2017</annotation>
<image>flickr</image>
<flickrid>NULL</flickrid>
<annotator>1</annotator>
</source>
<owner>
<flickrid>NULL</flickrid>
<name>Label Studio</name>
</owner>
<size>
<width>640</width>
<height>480</height>
<depth>3</depth>
</size>
<segmented>0</segmented>
<object>
<name>yes</name>
<pose>Unspecified</pose>
<truncated>0</truncated>
<difficult>0</difficult>
<bndbox>
<xmin>179</xmin>
<ymin>221</ymin>
<xmax>396</xmax>
<ymax>402</ymax>
</bndbox>
</object>
</annotation>
