<?xml version="1.0" encoding="utf-8"?>
<annotation>
<folder>images</folder>
<filename>7a17e20e-yes.5cc6c78e-b746-11ed-9556-c8348e2962cf.jpg</filename>
<source>
<database>MyDatabase</database>
<annotation>COCO2017</annotation>
<image>flickr</image>
<flickrid>NULL</flickrid>
<annotator>1</annotator>
</source>
<owner>
<flickrid>NULL</flickrid>
<name>Label Studio</name>
</owner>
<size>
<width>640</width>
<height>480</height>
<depth>3</depth>
</size>
<segmented>0</segmented>
<object>
<name>yes</name>
<pose>Unspecified</pose>
<truncated>0</truncated>
<difficult>0</difficult>
<bndbox>
<xmin>141</xmin>
<ymin>163</ymin>
<xmax>418</xmax>
<ymax>374</ymax>
</bndbox>
</object>
</annotation>
