<?xml version="1.0" encoding="utf-8"?>
<annotation>
<folder>images</folder>
<filename>fe44ce99-yes.4aa68fd0-b746-11ed-8e15-c8348e2962cf.jpg</filename>
<source>
<database>MyDatabase</database>
<annotation>COCO2017</annotation>
<image>flickr</image>
<flickrid>NULL</flickrid>
<annotator>1</annotator>
</source>
<owner>
<flickrid>NULL</flickrid>
<name>Label Studio</name>
</owner>
<size>
<width>640</width>
<height>480</height>
<depth>3</depth>
</size>
<segmented>0</segmented>
<object>
<name>yes</name>
<pose>Unspecified</pose>
<truncated>0</truncated>
<difficult>0</difficult>
<bndbox>
<xmin>297</xmin>
<ymin>228</ymin>
<xmax>522</xmax>
<ymax>392</ymax>
</bndbox>
</object>
</annotation>
