<?xml version="1.0" encoding="utf-8"?>
<annotation>
<folder>images</folder>
<filename>390bd4b9-yes.50b2b11d-b746-11ed-a84d-c8348e2962cf.jpg</filename>
<source>
<database>MyDatabase</database>
<annotation>COCO2017</annotation>
<image>flickr</image>
<flickrid>NULL</flickrid>
<annotator>1</annotator>
</source>
<owner>
<flickrid>NULL</flickrid>
<name>Label Studio</name>
</owner>
<size>
<width>640</width>
<height>480</height>
<depth>3</depth>
</size>
<segmented>0</segmented>
<object>
<name>yes</name>
<pose>Unspecified</pose>
<truncated>0</truncated>
<difficult>0</difficult>
<bndbox>
<xmin>269</xmin>
<ymin>279</ymin>
<xmax>586</xmax>
<ymax>434</ymax>
</bndbox>
</object>
</annotation>
